word,count,category
space,47,sci.space
organization,38,sci.space
date,32,sci.space
article,22,sci.space
gmt,21,sci.space
news,18,sci.space
henry,18,sci.space
system,17,sci.space
time,16,sci.space
technology,16,sci.space
path,14,sci.space
mission,14,sci.space
apr,13,sci.space
spacecraft,13,sci.space
rochester,13,sci.space
flight,12,sci.space
university,11,sci.space
earth,11,sci.space
information,11,sci.space
work,10,sci.space
science,10,sci.space
something,9,sci.space
xref,9,sci.space
moon,9,sci.space
sender,8,sci.space
research,8,sci.space
spencer,8,sci.space
program,8,sci.space
station,8,sci.space
orbit,8,sci.space
sky,8,sci.space
world,8,sci.space
baalke,8,sci.space
center,8,sci.space
life,7,sci.space
support,7,sci.space
air,7,sci.space
tue,7,sci.space
power,7,sci.space
payload,6,sci.space
way,6,sci.space
idea,6,sci.space
pat,6,sci.space
use,6,sci.space
part,6,sci.space
distribution,6,sci.space
option,6,sci.space
design,6,sci.space
number,6,sci.space
propulsion,6,sci.space
look,5,sci.space
launch,5,sci.space
government,5,sci.space
pgf,5,sci.space
mass,5,sci.space
someone,5,sci.space
project,5,sci.space
city,5,sci.space
command,5,sci.space
computer,5,sci.space
exploration,5,sci.space
model,5,sci.space
cost,5,sci.space
mon,5,sci.space
money,5,sci.space
year,5,sci.space
anyone,5,sci.space
place,4,sci.space
temperature,4,sci.space
person,4,sci.space
lot,4,sci.space
market,4,sci.space
order,4,sci.space
orbiter,4,sci.space
online,4,sci.space
post,4,sci.space
industry,4,sci.space
prb,4,sci.space
fuel,4,sci.space
institute,4,sci.space
source,4,sci.space
bill,4,sci.space
body,4,sci.space
history,4,sci.space
telescope,4,sci.space
safety,4,sci.space
satellite,4,sci.space
case,4,sci.space
gravity,4,sci.space
udel,4,sci.space
day,4,sci.space
think,4,sci.space
office,3,sci.space
thu,3,sci.space
state,3,sci.space
nothing,3,sci.space
sun,3,sci.space
note,3,sci.space
star,3,sci.space
society,3,sci.space
radio,3,sci.space
shuttle,3,sci.space
sci,3,sci.space
venus,3,sci.space
version,3,sci.space
access,3,sci.space
motion,3,sci.space
night,3,sci.space
facility,3,sci.space
internet,3,sci.space
hst,3,sci.space
help,3,sci.space
hardware,3,sci.space
network,3,sci.space
get,3,sci.space
field,3,sci.space
express,3,sci.space
jupiter,3,sci.space
example,3,sci.space
environment,3,sci.space
energy,3,sci.space
end,3,sci.space
california,3,sci.space
area,3,sci.space
april,3,sci.space
john,3,sci.space
ground,3,sci.space
list,3,sci.space
mail,3,sci.space
lab,3,sci.space
name,3,sci.space
mercury,3,sci.space
laboratory,3,sci.space
sort,2,sci.space
budget,2,sci.space
gatech,2,sci.space
today,2,sci.space
software,2,sci.space
funding,2,sci.space
fri,2,sci.space
zoology,2,sci.space
control,2,sci.space
loss,2,sci.space
course,2,sci.space
mark,2,sci.space
david,2,sci.space
mccall,2,sci.space
stuff,2,sci.space
engineering,2,sci.space
surface,2,sci.space
activity,2,sci.space
palmer,2,sci.space
box,2,sci.space
base,2,sci.space
vehicle,2,sci.space
jpl,2,sci.space
nasa,2,sci.space
probe,2,sci.space
week,2,sci.space
astronomy,2,sci.space
phone,2,sci.space
ron,2,sci.space
question,2,sci.space
development,2,sci.space
reason,2,sci.space
uunet,2,sci.space
report,2,sci.space
image,2,sci.space
line,2,sci.space
rocket,2,sci.space
book,1,sci.space
tom,1,sci.space
observatory,1,sci.space
business,1,sci.space
thing,1,sci.space
anything,1,sci.space
agency,1,sci.space
test,1,sci.space
term,1,sci.space
planet,1,sci.space
department,1,sci.space
redesign,1,sci.space
point,1,sci.space
kind,1,sci.space
pressure,1,sci.space
problem,1,sci.space
process,1,sci.space
josh,1,sci.space
jet,1,sci.space
radar,1,sci.space
radiation,1,sci.space
saturn,1,sci.space
dietz,1,sci.space
group,1,sci.space
man,1,sci.space
george,1,sci.space
site,1,sci.space
gamma,1,sci.space
pluto,1,sci.space
fact,1,sci.space
matter,1,sci.space
message,1,sci.space
force,1,sci.space
god,41,soc.religion.christian
date,36,soc.religion.christian
hedrick,29,soc.religion.christian
organization,26,soc.religion.christian
path,24,soc.religion.christian
church,20,soc.religion.christian
time,19,soc.religion.christian
jesus,17,soc.religion.christian
sender,17,soc.religion.christian
gmt,16,soc.religion.christian
way,16,soc.religion.christian
life,15,soc.religion.christian
article,15,soc.religion.christian
law,12,soc.religion.christian
day,12,soc.religion.christian
question,11,soc.religion.christian
sin,11,soc.religion.christian
truth,11,soc.religion.christian
something,11,soc.religion.christian
christ,11,soc.religion.christian
apr,11,soc.religion.christian
paul,10,soc.religion.christian
fact,9,soc.religion.christian
person,9,soc.religion.christian
university,9,soc.religion.christian
gatech,9,soc.religion.christian
faith,9,soc.religion.christian
christianity,9,soc.religion.christian
rochester,9,soc.religion.christian
kind,8,soc.religion.christian
world,8,soc.religion.christian
homosexuality,8,soc.religion.christian
problem,8,soc.religion.christian
man,8,soc.religion.christian
book,8,soc.religion.christian
word,8,soc.religion.christian
lord,7,soc.religion.christian
think,7,soc.religion.christian
anything,7,soc.religion.christian
reason,7,soc.religion.christian
difference,7,soc.religion.christian
john,7,soc.religion.christian
course,7,soc.religion.christian
nothing,6,soc.religion.christian
state,6,soc.religion.christian
science,6,soc.religion.christian
death,6,soc.religion.christian
issue,6,soc.religion.christian
thing,6,soc.religion.christian
work,6,soc.religion.christian
language,6,soc.religion.christian
community,6,soc.religion.christian
group,5,soc.religion.christian
relationship,5,soc.religion.christian
experience,5,soc.religion.christian
easter,5,soc.religion.christian
discussion,5,soc.religion.christian
spirit,5,soc.religion.christian
look,5,soc.religion.christian
anyone,5,soc.religion.christian
scripture,5,soc.religion.christian
hudson,4,soc.religion.christian
sense,4,soc.religion.christian
idea,4,soc.religion.christian
society,4,soc.religion.christian
judgement,4,soc.religion.christian
statement,4,soc.religion.christian
help,4,soc.religion.christian
lot,4,soc.religion.christian
heart,4,soc.religion.christian
end,4,soc.religion.christian
revelation,4,soc.religion.christian
body,4,soc.religion.christian
case,4,soc.religion.christian
point,4,soc.religion.christian
place,4,soc.religion.christian
hate,4,soc.religion.christian
die,4,soc.religion.christian
translation,4,soc.religion.christian
order,4,soc.religion.christian
example,4,soc.religion.christian
family,4,soc.religion.christian
sex,3,soc.religion.christian
power,3,soc.religion.christian
rest,3,soc.religion.christian
nature,3,soc.religion.christian
mark,3,soc.religion.christian
name,3,soc.religion.christian
news,3,soc.religion.christian
prayer,3,soc.religion.christian
number,3,soc.religion.christian
position,3,soc.religion.christian
mind,3,soc.religion.christian
please,3,soc.religion.christian
peter,3,soc.religion.christian
peace,3,soc.religion.christian
part,3,soc.religion.christian
opinion,3,soc.religion.christian
mass,3,soc.religion.christian
doubt,3,soc.religion.christian
child,3,soc.religion.christian
everyone,3,soc.religion.christian
list,3,soc.religion.christian
david,3,soc.religion.christian
verse,3,soc.religion.christian
view,3,soc.religion.christian
claim,3,soc.religion.christian
change,3,soc.religion.christian
evidence,3,soc.religion.christian
century,3,soc.religion.christian
byler,3,soc.religion.christian
belief,3,soc.religion.christian
baptism,3,soc.religion.christian
authority,3,soc.religion.christian
woman,3,soc.religion.christian
everything,3,soc.religion.christian
history,3,soc.religion.christian
feel,3,soc.religion.christian
information,3,soc.religion.christian
get,3,soc.religion.christian
grace,3,soc.religion.christian
joseph,3,soc.religion.christian
religion,3,soc.religion.christian
study,3,soc.religion.christian
georgia,3,soc.religion.christian
research,2,soc.religion.christian
story,2,soc.religion.christian
situation,2,soc.religion.christian
result,2,soc.religion.christian
share,2,soc.religion.christian
support,2,soc.religion.christian
war,2,soc.religion.christian
technology,2,soc.religion.christian
sabbath,2,soc.religion.christian
tell,2,soc.religion.christian
term,2,soc.religion.christian
understand,2,soc.religion.christian
try,2,soc.religion.christian
theology,2,soc.religion.christian
tradition,2,soc.religion.christian
today,2,soc.religion.christian
son,2,soc.religion.christian
year,2,soc.religion.christian
reference,2,soc.religion.christian
love,2,soc.religion.christian
interpretation,2,soc.religion.christian
holy,2,soc.religion.christian
hell,2,soc.religion.christian
father,2,soc.religion.christian
existence,2,soc.religion.christian
doctrine,2,soc.religion.christian
divine,2,soc.religion.christian
department,2,soc.religion.christian
context,2,soc.religion.christian
conclusion,2,soc.religion.christian
concert,2,soc.religion.christian
conception,2,soc.religion.christian
clh,2,soc.religion.christian
city,2,soc.religion.christian
canon,2,soc.religion.christian
arrogance,2,soc.religion.christian
argument,2,soc.religion.christian
age,2,soc.religion.christian
agate,2,soc.religion.christian
let,2,soc.religion.christian
jayne,2,soc.religion.christian
message,2,soc.religion.christian
matter,2,soc.religion.christian
mean,2,soc.religion.christian
punishment,2,soc.religion.christian
mother,2,soc.religion.christian
proof,2,soc.religion.christian
pray,2,soc.religion.christian
post,2,soc.religion.christian
act,1,soc.religion.christian
school,1,soc.religion.christian
schism,1,soc.religion.christian
use,1,soc.religion.christian
computer,1,soc.religion.christian
week,1,soc.religion.christian
salvation,1,soc.religion.christian
scott,1,soc.religion.christian
wife,1,soc.religion.christian
resurrection,1,soc.religion.christian
reality,1,soc.religion.christian
wupost,1,soc.religion.christian
none,1,soc.religion.christian
see,1,soc.religion.christian
trinity,1,soc.religion.christian
humanity,1,soc.religion.christian
marriage,1,soc.religion.christian
knowledge,1,soc.religion.christian
kingdom,1,soc.religion.christian
job,1,soc.religion.christian
response,1,soc.religion.christian
side,1,soc.religion.christian
hope,1,soc.religion.christian
need,1,soc.religion.christian
show,1,soc.religion.christian
text,1,soc.religion.christian
hand,1,soc.religion.christian
michael,1,soc.religion.christian
movement,1,soc.religion.christian
someone,1,soc.religion.christian
aaron,1,soc.religion.christian
article,29,alt.atheism
apr,27,alt.atheism
organization,26,alt.atheism
gmt,24,alt.atheism
god,21,alt.atheism
path,20,alt.atheism
date,18,alt.atheism
system,16,alt.atheism
news,16,alt.atheism
time,15,alt.atheism
way,14,alt.atheism
science,14,alt.atheism
jesus,14,alt.atheism
morality,12,alt.atheism
evidence,12,alt.atheism
world,12,alt.atheism
nothing,11,alt.atheism
question,11,alt.atheism
case,10,alt.atheism
argument,9,alt.atheism
thing,9,alt.atheism
religion,9,alt.atheism
university,9,alt.atheism
book,9,alt.atheism
fact,9,alt.atheism
course,9,alt.atheism
livesey,9,alt.atheism
existence,8,alt.atheism
example,8,alt.atheism
evolution,8,alt.atheism
keith,8,alt.atheism
anyone,8,alt.atheism
sense,8,alt.atheism
atheism,8,alt.atheism
life,8,alt.atheism
something,8,alt.atheism
statement,8,alt.atheism
jaeger,7,alt.atheism
jon,7,alt.atheism
mathew,7,alt.atheism
value,7,alt.atheism
view,7,alt.atheism
distribution,6,alt.atheism
reason,6,alt.atheism
proof,6,alt.atheism
atheist,6,alt.atheism
problem,6,alt.atheism
see,6,alt.atheism
post,6,alt.atheism
matter,6,alt.atheism
technology,6,alt.atheism
information,6,alt.atheism
sgi,6,alt.atheism
death,6,alt.atheism
deal,6,alt.atheism
sgigate,6,alt.atheism
someone,6,alt.atheism
difference,6,alt.atheism
point,5,alt.atheism
islam,5,alt.atheism
belief,5,alt.atheism
creationism,5,alt.atheism
power,5,alt.atheism
bill,5,alt.atheism
idea,5,alt.atheism
benedikt,5,alt.atheism
please,5,alt.atheism
part,5,alt.atheism
jim,5,alt.atheism
word,5,alt.atheism
matthew,5,alt.atheism
wupost,5,alt.atheism
department,5,alt.atheism
doubt,5,alt.atheism
anything,5,alt.atheism
think,5,alt.atheism
issue,4,alt.atheism
version,4,alt.atheism
notion,4,alt.atheism
note,4,alt.atheism
work,4,alt.atheism
halat,4,alt.atheism
mind,4,alt.atheism
history,4,alt.atheism
person,4,alt.atheism
sender,4,alt.atheism
use,4,alt.atheism
discussion,4,alt.atheism
cobb,4,alt.atheism
sex,4,alt.atheism
church,4,alt.atheism
society,4,alt.atheism
truth,4,alt.atheism
computer,4,alt.atheism
claim,4,alt.atheism
bobbe,4,alt.atheism
form,4,alt.atheism
genocide,4,alt.atheism
get,4,alt.atheism
gravity,4,alt.atheism
mean,3,alt.atheism
murder,3,alt.atheism
theory,3,alt.atheism
pipex,3,alt.atheism
reference,3,alt.atheism
robert,3,alt.atheism
rest,3,alt.atheism
place,3,alt.atheism
thu,3,alt.atheism
try,3,alt.atheism
perry,3,alt.atheism
uunet,3,alt.atheism
position,3,alt.atheism
account,3,alt.atheism
action,3,alt.atheism
answer,3,alt.atheism
john,3,alt.atheism
christianity,3,alt.atheism
college,3,alt.atheism
guess,3,alt.atheism
group,3,alt.atheism
definition,3,alt.atheism
debate,3,alt.atheism
day,3,alt.atheism
hand,3,alt.atheism
fri,3,alt.atheism
conner,3,alt.atheism
country,3,alt.atheism
bil,3,alt.atheism
mantis,3,alt.atheism
rosenau,2,alt.atheism
change,2,alt.atheism
response,2,alt.atheism
energy,2,alt.atheism
everyone,2,alt.atheism
relativism,2,alt.atheism
rushdie,2,alt.atheism
dogma,2,alt.atheism
mcsun,2,alt.atheism
earth,2,alt.atheism
faith,2,alt.atheism
conclusion,2,alt.atheism
sgiblab,2,alt.atheism
theism,2,alt.atheism
text,2,alt.atheism
dan,2,alt.atheism
support,2,alt.atheism
state,2,alt.atheism
everything,2,alt.atheism
bobby,2,alt.atheism
institute,2,alt.atheism
nature,2,alt.atheism
war,2,alt.atheism
opinion,2,alt.atheism
name,2,alt.atheism
kind,2,alt.atheism
pasadena,2,alt.atheism
peace,2,alt.atheism
lot,2,alt.atheism
law,2,alt.atheism
gregg,2,alt.atheism
man,2,alt.atheism
mon,2,alt.atheism
freedom,2,alt.atheism
frank,2,alt.atheism
agate,2,alt.atheism
california,2,alt.atheism
tue,2,alt.atheism
tammy,1,alt.atheism
allan,1,alt.atheism
care,1,alt.atheism
basis,1,alt.atheism
assertion,1,alt.atheism
assumption,1,alt.atheism
bank,1,alt.atheism
cause,1,alt.atheism
choice,1,alt.atheism
beauchaine,1,alt.atheism
today,1,alt.atheism
story,1,alt.atheism
stuff,1,alt.atheism
mark,1,alt.atheism
creation,1,alt.atheism
fallacy,1,alt.atheism
mangoe,1,alt.atheism
nation,1,alt.atheism
look,1,alt.atheism
list,1,alt.atheism
number,1,alt.atheism
odin,1,alt.atheism
order,1,alt.atheism
knowledge,1,alt.atheism
germany,1,alt.atheism
force,1,alt.atheism
fido,1,alt.atheism
punishment,1,alt.atheism
quote,1,alt.atheism
space,1,alt.atheism
reality,1,alt.atheism
event,1,alt.atheism
rice,1,alt.atheism
rule,1,alt.atheism
schneider,1,alt.atheism
effect,1,alt.atheism
decision,1,alt.atheism
show,1,alt.atheism
situation,1,alt.atheism
david,1,alt.atheism
darice,1,alt.atheism
sort,1,alt.atheism
xref,1,alt.atheism
date,32,sci.med
gmt,30,sci.med
path,28,sci.med
organization,28,sci.med
news,23,sci.med
article,21,sci.med
apr,20,sci.med
health,18,sci.med
research,16,sci.med
system,16,sci.med
science,15,sci.med
food,14,sci.med
geb,13,sci.med
disease,13,sci.med
information,12,sci.med
gatech,12,sci.med
time,11,sci.med
side,11,sci.med
program,10,sci.med
problem,10,sci.med
lot,10,sci.med
number,10,sci.med
university,9,sci.med
rochester,9,sci.med
computer,9,sci.med
doctor,9,sci.med
work,9,sci.med
evidence,9,sci.med
sender,9,sci.med
cause,8,sci.med
world,8,sci.med
thing,8,sci.med
treatment,8,sci.med
day,8,sci.med
anyone,8,sci.med
cancer,8,sci.med
year,7,sci.med
anything,7,sci.med
question,7,sci.med
yeast,7,sci.med
body,7,sci.med
effect,7,sci.med
study,7,sci.med
case,7,sci.med
school,7,sci.med
fact,6,sci.med
syndrome,6,sci.med
york,6,sci.med
literature,6,sci.med
help,6,sci.med
department,6,sci.med
control,6,sci.med
msg,6,sci.med
way,6,sci.med
chastity,6,sci.med
heart,6,sci.med
keyboard,5,sci.med
kidney,5,sci.med
medicine,5,sci.med
network,5,sci.med
infection,5,sci.med
newsletter,5,sci.med
stuff,5,sci.med
person,5,sci.med
bill,5,sci.med
use,5,sci.med
blood,5,sci.med
brain,5,sci.med
wife,5,sci.med
drug,5,sci.med
xref,5,sci.med
candida,5,sci.med
patient,5,sci.med
experience,5,sci.med
center,5,sci.med
volume,5,sci.med
superstition,4,sci.med
course,4,sci.med
report,4,sci.med
version,4,sci.med
advice,4,sci.med
practice,4,sci.med
prevention,4,sci.med
weight,4,sci.med
hiv,4,sci.med
post,4,sci.med
pain,4,sci.med
udel,4,sci.med
type,4,sci.med
service,4,sci.med
risk,4,sci.med
home,4,sci.med
eat,4,sci.med
education,4,sci.med
something,4,sci.med
john,4,sci.med
someone,4,sci.med
life,4,sci.med
technology,4,sci.med
software,4,sci.med
response,3,sci.med
state,3,sci.med
please,3,sci.med
week,3,sci.med
sensitivity,3,sci.med
theory,3,sci.med
water,3,sci.med
therapy,3,sci.med
safety,3,sci.med
wupost,3,sci.med
surgery,3,sci.med
mon,3,sci.med
banschbach,3,sci.med
mind,3,sci.med
jim,3,sci.med
increase,3,sci.med
idea,3,sci.med
college,3,sci.med
knowledge,3,sci.med
hypothesis,3,sci.med
book,3,sci.med
mark,3,sci.med
methodology,3,sci.med
internet,3,sci.med
group,3,sci.med
difference,3,sci.med
name,3,sci.med
nothing,3,sci.med
age,3,sci.med
david,3,sci.med
fri,3,sci.med
cure,2,sci.med
taste,2,sci.med
skin,2,sci.med
info,2,sci.med
example,2,sci.med
condition,2,sci.med
vitamin,2,sci.med
hospital,2,sci.med
surrender,2,sci.med
hicnet,2,sci.med
institute,2,sci.med
page,2,sci.med
tobacco,2,sci.med
intellect,2,sci.med
area,2,sci.med
photography,2,sci.med
place,2,sci.med
order,2,sci.med
analysis,2,sci.med
office,2,sci.med
muscle,2,sci.med
chromium,2,sci.med
quack,2,sci.med
month,2,sci.med
california,2,sci.med
level,2,sci.med
robert,2,sci.med
russell,2,sci.med
kind,2,sci.med
care,2,sci.med
distribution,2,sci.med
bloom,1,sci.med
decwrl,1,sci.med
development,1,sci.med
tue,1,sci.med
try,1,sci.med
child,1,sci.med
stephen,1,sci.med
division,1,sci.med
issue,1,sci.med
pitt,1,sci.med
point,1,sci.med
quality,1,sci.med
reaction,1,sci.med
reason,1,sci.med
loss,1,sci.med
rind,1,sci.med
jon,1,sci.med
sense,1,sci.med
thu,1,sci.med
source,1,sci.med
phone,1,sci.med
sun,1,sci.med
hand,1,sci.med
get,1,sci.med
energy,1,sci.med
end,1,sci.med
dyer,1,sci.med
access,1,sci.med
article,34,talk.politics.guns
gmt,29,talk.politics.guns
apr,25,talk.politics.guns
organization,25,talk.politics.guns
gun,24,talk.politics.guns
government,22,talk.politics.guns
date,20,talk.politics.guns
law,19,talk.politics.guns
university,18,talk.politics.guns
way,16,talk.politics.guns
news,16,talk.politics.guns
path,15,talk.politics.guns
time,14,talk.politics.guns
sender,13,talk.politics.guns
tue,11,talk.politics.guns
fire,11,talk.politics.guns
state,11,talk.politics.guns
crime,10,talk.politics.guns
year,10,talk.politics.guns
control,10,talk.politics.guns
bill,10,talk.politics.guns
atf,9,talk.politics.guns
jim,9,talk.politics.guns
system,8,talk.politics.guns
file,8,talk.politics.guns
gatech,8,talk.politics.guns
problem,8,talk.politics.guns
constitution,8,talk.politics.guns
information,8,talk.politics.guns
rate,8,talk.politics.guns
power,8,talk.politics.guns
texas,7,talk.politics.guns
koresh,7,talk.politics.guns
gas,7,talk.politics.guns
thu,7,talk.politics.guns
distribution,7,talk.politics.guns
death,7,talk.politics.guns
today,7,talk.politics.guns
world,7,talk.politics.guns
access,7,talk.politics.guns
computer,7,talk.politics.guns
assault,7,talk.politics.guns
compound,7,talk.politics.guns
evidence,6,talk.politics.guns
xref,6,talk.politics.guns
anything,6,talk.politics.guns
thing,6,talk.politics.guns
something,6,talk.politics.guns
batf,6,talk.politics.guns
post,6,talk.politics.guns
get,6,talk.politics.guns
fbi,6,talk.politics.guns
life,6,talk.politics.guns
clinton,6,talk.politics.guns
person,5,talk.politics.guns
business,5,talk.politics.guns
security,5,talk.politics.guns
case,5,talk.politics.guns
story,5,talk.politics.guns
president,5,talk.politics.guns
police,5,talk.politics.guns
technology,5,talk.politics.guns
school,5,talk.politics.guns
mon,5,talk.politics.guns
david,5,talk.politics.guns
number,5,talk.politics.guns
militia,5,talk.politics.guns
nothing,5,talk.politics.guns
lot,5,talk.politics.guns
amendment,5,talk.politics.guns
warrant,5,talk.politics.guns
issue,4,talk.politics.guns
history,4,talk.politics.guns
safety,4,talk.politics.guns
report,4,talk.politics.guns
money,4,talk.politics.guns
reason,4,talk.politics.guns
letter,4,talk.politics.guns
john,4,talk.politics.guns
car,4,talk.politics.guns
point,4,talk.politics.guns
clem,4,talk.politics.guns
hell,4,talk.politics.guns
miller,4,talk.politics.guns
city,4,talk.politics.guns
fact,4,talk.politics.guns
weapon,4,talk.politics.guns
tax,4,talk.politics.guns
cult,4,talk.politics.guns
cdt,4,talk.politics.guns
version,4,talk.politics.guns
use,4,talk.politics.guns
day,4,talk.politics.guns
feustel,4,talk.politics.guns
country,4,talk.politics.guns
course,3,talk.politics.guns
scott,3,talk.politics.guns
trial,3,talk.politics.guns
threat,3,talk.politics.guns
need,3,talk.politics.guns
war,3,talk.politics.guns
anyone,3,talk.politics.guns
building,3,talk.politics.guns
authority,3,talk.politics.guns
support,3,talk.politics.guns
property,3,talk.politics.guns
question,3,talk.politics.guns
ban,3,talk.politics.guns
religion,3,talk.politics.guns
reno,3,talk.politics.guns
someone,3,talk.politics.guns
research,3,talk.politics.guns
responsibility,3,talk.politics.guns
situation,3,talk.politics.guns
difference,3,talk.politics.guns
party,3,talk.politics.guns
let,3,talk.politics.guns
house,3,talk.politics.guns
education,3,talk.politics.guns
cause,3,talk.politics.guns
account,3,talk.politics.guns
example,3,talk.politics.guns
job,3,talk.politics.guns
force,3,talk.politics.guns
investigation,2,talk.politics.guns
anybody,2,talk.politics.guns
home,2,talk.politics.guns
boulder,2,talk.politics.guns
ranch,2,talk.politics.guns
everyone,2,talk.politics.guns
risk,2,talk.politics.guns
department,2,talk.politics.guns
idea,2,talk.politics.guns
michael,2,talk.politics.guns
area,2,talk.politics.guns
gang,2,talk.politics.guns
morning,2,talk.politics.guns
handgun,2,talk.politics.guns
family,2,talk.politics.guns
claim,2,talk.politics.guns
shot,2,talk.politics.guns
show,2,talk.politics.guns
thomasp,2,talk.politics.guns
group,2,talk.politics.guns
court,2,talk.politics.guns
firearm,2,talk.politics.guns
change,2,talk.politics.guns
end,2,talk.politics.guns
fri,2,talk.politics.guns
jmd,2,talk.politics.guns
pat,2,talk.politics.guns
murder,2,talk.politics.guns
name,2,talk.politics.guns
message,2,talk.politics.guns
convention,2,talk.politics.guns
action,2,talk.politics.guns
work,2,talk.politics.guns
word,2,talk.politics.guns
line,2,talk.politics.guns
order,2,talk.politics.guns
branch,2,talk.politics.guns
part,2,talk.politics.guns
paper,2,talk.politics.guns
bullet,2,talk.politics.guns
kind,2,talk.politics.guns
press,2,talk.politics.guns
justice,2,talk.politics.guns
washington,2,talk.politics.guns
effect,2,talk.politics.guns
vote,2,talk.politics.guns
care,2,talk.politics.guns
please,2,talk.politics.guns
place,2,talk.politics.guns
division,1,talk.politics.guns
doubt,1,talk.politics.guns
attorney,1,talk.politics.guns
tell,1,talk.politics.guns
enforcement,1,talk.politics.guns
veal,1,talk.politics.guns
tank,1,talk.politics.guns
violence,1,talk.politics.guns
science,1,talk.politics.guns
sun,1,talk.politics.guns
study,1,talk.politics.guns
matter,1,talk.politics.guns
night,1,talk.politics.guns
note,1,talk.politics.guns
look,1,talk.politics.guns
opinion,1,talk.politics.guns
license,1,talk.politics.guns
period,1,talk.politics.guns
card,1,talk.politics.guns
population,1,talk.politics.guns
colorado,1,talk.politics.guns
pyron,1,talk.politics.guns
carry,1,talk.politics.guns
jason,1,talk.politics.guns
janet,1,talk.politics.guns
institute,1,talk.politics.guns
revolver,1,talk.politics.guns
roby,1,talk.politics.guns
rochester,1,talk.politics.guns
heard,1,talk.politics.guns
section,1,talk.politics.guns
hand,1,talk.politics.guns
side,1,talk.politics.guns
center,1,talk.politics.guns
company,1,talk.politics.guns
speak,1,talk.politics.guns
chance,1,talk.politics.guns
stratus,1,talk.politics.guns
office,1,talk.politics.guns
gmt,57,rec.motorcycles
apr,54,rec.motorcycles
date,43,rec.motorcycles
article,43,rec.motorcycles
organization,41,rec.motorcycles
news,33,rec.motorcycles
path,29,rec.motorcycles
bike,28,rec.motorcycles
dod,24,rec.motorcycles
university,19,rec.motorcycles
time,16,rec.motorcycles
distribution,16,rec.motorcycles
ride,13,rec.motorcycles
world,12,rec.motorcycles
way,12,rec.motorcycles
motorcycle,12,rec.motorcycles
dog,12,rec.motorcycles
bmw,11,rec.motorcycles
anyone,11,rec.motorcycles
state,11,rec.motorcycles
sender,11,rec.motorcycles
something,10,rec.motorcycles
rochester,10,rec.motorcycles
infante,9,rec.motorcycles
chain,9,rec.motorcycles
nothing,9,rec.motorcycles
thu,9,rec.motorcycles
list,8,rec.motorcycles
seat,8,rec.motorcycles
caen,8,rec.motorcycles
insurance,7,rec.motorcycles
end,7,rec.motorcycles
gatech,7,rec.motorcycles
fri,7,rec.motorcycles
number,7,rec.motorcycles
post,7,rec.motorcycles
advice,7,rec.motorcycles
please,7,rec.motorcycles
ama,7,rec.motorcycles
anything,7,rec.motorcycles
work,7,rec.motorcycles
help,6,rec.motorcycles
sun,6,rec.motorcycles
idea,6,rec.motorcycles
gardner,6,rec.motorcycles
point,6,rec.motorcycles
day,6,rec.motorcycles
canada,6,rec.motorcycles
tue,6,rec.motorcycles
problem,6,rec.motorcycles
line,6,rec.motorcycles
john,5,rec.motorcycles
oil,5,rec.motorcycles
behanna,5,rec.motorcycles
car,5,rec.motorcycles
life,5,rec.motorcycles
chris,5,rec.motorcycles
bill,5,rec.motorcycles
road,5,rec.motorcycles
bit,5,rec.motorcycles
size,5,rec.motorcycles
corporation,5,rec.motorcycles
college,5,rec.motorcycles
honda,5,rec.motorcycles
speedy,5,rec.motorcycles
head,5,rec.motorcycles
course,5,rec.motorcycles
pillion,5,rec.motorcycles
get,5,rec.motorcycles
front,5,rec.motorcycles
system,5,rec.motorcycles
rider,5,rec.motorcycles
wupost,4,rec.motorcycles
version,4,rec.motorcycles
passenger,4,rec.motorcycles
street,4,rec.motorcycles
money,4,rec.motorcycles
mike,4,rec.motorcycles
use,4,rec.motorcycles
side,4,rec.motorcycles
tank,4,rec.motorcycles
joe,4,rec.motorcycles
someone,4,rec.motorcycles
cookson,4,rec.motorcycles
stafford,4,rec.motorcycles
guy,4,rec.motorcycles
ground,4,rec.motorcycles
traffic,4,rec.motorcycles
question,3,rec.motorcycles
power,3,rec.motorcycles
tire,3,rec.motorcycles
lock,3,rec.motorcycles
pipex,3,rec.motorcycles
jody,3,rec.motorcycles
battery,3,rec.motorcycles
biker,3,rec.motorcycles
california,3,rec.motorcycles
computer,3,rec.motorcycles
engine,3,rec.motorcycles
order,3,rec.motorcycles
fact,3,rec.motorcycles
hand,3,rec.motorcycles
helmet,3,rec.motorcycles
year,3,rec.motorcycles
jonathan,3,rec.motorcycles
night,3,rec.motorcycles
thing,2,rec.motorcycles
area,2,rec.motorcycles
opinion,2,rec.motorcycles
npet,2,rec.motorcycles
wheel,2,rec.motorcycles
turn,2,rec.motorcycles
david,2,rec.motorcycles
disclaimer,2,rec.motorcycles
drive,2,rec.motorcycles
jlevine,2,rec.motorcycles
michael,2,rec.motorcycles
effect,2,rec.motorcycles
svoboda,2,rec.motorcycles
face,2,rec.motorcycles
home,2,rec.motorcycles
stuff,2,rec.motorcycles
gas,2,rec.motorcycles
stock,2,rec.motorcycles
lot,2,rec.motorcycles
group,2,rec.motorcycles
uunet,1,rec.motorcycles
speed,1,rec.motorcycles
agate,1,rec.motorcycles
cage,1,rec.motorcycles
technology,1,rec.motorcycles
case,1,rec.motorcycles
experience,1,rec.motorcycles
udel,1,rec.motorcycles
sale,1,rec.motorcycles
tin,1,rec.motorcycles
message,1,rec.motorcycles
mon,1,rec.motorcycles
